{"cameraMode":{"drawMode":0,"name":"Shaded","section":"Shading Mode"},"sceneLighting":false,"audioPlay":false,"sceneViewState":{"m_AlwaysRefresh":false,"showFog":true,"showSkybox":false,"showFlares":true,"showImageEffects":true,"showParticleSystems":true,"showVisualEffectGraphs":true,"m_FxEnabled":true},"in2DMode":false,"pivot":{"x":-2.6432249546051027,"y":2.285903215408325,"z":-3.0732827186584474},"rotation":{"x":0.07220018655061722,"y":-0.03708946332335472,"z":0.0026535133365541698,"w":0.9967314004898071},"size":1.8995054960250855,"orthographic":false}