{"cameraMode":{"drawMode":0,"name":"Shaded","section":"Shading Mode"},"sceneLighting":true,"audioPlay":false,"sceneViewState":{"m_AlwaysRefresh":false,"showFog":true,"showSkybox":true,"showFlares":true,"showImageEffects":true,"showParticleSystems":true,"showVisualEffectGraphs":true,"m_FxEnabled":true},"in2DMode":false,"pivot":{"x":0.360346257686615,"y":2.7088353633880617,"z":-0.9630303382873535},"rotation":{"x":0.06623066961765289,"y":-0.031118307262659074,"z":0.002048933645710349,"w":0.9973436594009399},"size":0.803007960319519,"orthographic":false}