{"cameraMode":{"drawMode":0,"name":"Shaded","section":"Shading Mode"},"sceneLighting":true,"audioPlay":false,"sceneViewState":{"m_AlwaysRefresh":false,"showFog":true,"showSkybox":true,"showFlares":true,"showImageEffects":true,"showParticleSystems":true,"showVisualEffectGraphs":true,"m_FxEnabled":true},"in2DMode":false,"pivot":{"x":0.360346257686615,"y":2.7088353633880617,"z":-0.9630303382873535},"rotation":{"x":0.1265326887369156,"y":-0.11991336196660996,"z":0.015387327410280705,"w":0.9845958948135376},"size":2.8780102729797365,"orthographic":false}