{"cameraMode":{"drawMode":0,"name":"Shaded","section":"Shading Mode"},"sceneLighting":false,"audioPlay":false,"sceneViewState":{"m_AlwaysRefresh":false,"showFog":false,"showSkybox":false,"showFlares":false,"showImageEffects":false,"showParticleSystems":false,"showVisualEffectGraphs":true,"m_FxEnabled":true},"in2DMode":false,"pivot":{"x":-0.0038024932146072389,"y":0.06027315557003021,"z":0.002809867262840271},"rotation":{"x":0.025388142094016076,"y":0.9746171236038208,"z":-0.1550944447517395,"w":0.15958678722381593},"size":0.037158332765102389,"orthographic":false}