{"cameraMode":{"drawMode":0,"name":"Shaded","section":"Shading Mode"},"sceneLighting":false,"audioPlay":false,"sceneViewState":{"m_AlwaysRefresh":false,"showFog":true,"showSkybox":false,"showFlares":true,"showImageEffects":true,"showParticleSystems":true,"showVisualEffectGraphs":true,"m_FxEnabled":true},"in2DMode":false,"pivot":{"x":0.5229300856590271,"y":0.06680232286453247,"z":2.968569755554199},"rotation":{"x":0.03378904238343239,"y":-0.6924455165863037,"z":0.032372597604990008,"w":0.7200159430503845},"size":2.3552582263946535,"orthographic":false}