{"cameraMode":{"drawMode":0,"name":"Shaded","section":"Shading Mode"},"sceneLighting":false,"audioPlay":false,"sceneViewState":{"m_AlwaysRefresh":false,"showFog":true,"showSkybox":false,"showFlares":true,"showImageEffects":true,"showParticleSystems":true,"showVisualEffectGraphs":true,"m_FxEnabled":true},"in2DMode":false,"pivot":{"x":-0.0004019737243652344,"y":1.6709847450256348,"z":2.431779623031616},"rotation":{"x":-0.21721069514751435,"y":0.3440263271331787,"z":-0.08203279227018357,"w":-0.9098656177520752},"size":0.6071906685829163,"orthographic":false}