{"cameraMode":{"drawMode":0,"name":"Shaded","section":"Shading Mode"},"sceneLighting":false,"audioPlay":false,"sceneViewState":{"m_AlwaysRefresh":false,"showFog":true,"showSkybox":false,"showFlares":true,"showImageEffects":true,"showParticleSystems":true,"showVisualEffectGraphs":true,"m_FxEnabled":true},"in2DMode":false,"pivot":{"x":-1.0862102508544922,"y":1.0582325458526612,"z":2.4910025596618654},"rotation":{"x":0.005297500174492598,"y":-0.9919699430465698,"z":0.0434754453599453,"w":0.11902393400669098},"size":1.1810818910598755,"orthographic":false}